{
    "0": "background",
    "1": "closing ketchup",
    "2": "closing jam",
    "3": "putting chocolate",
    "4": "opening chocolate",
    "5": "opening tea",
    "6": "putting tea",
    "7": "pouring sugar into the cup with a spoon",
    "8": "putting peanut",
    "9": "taking water",
    "10": "stirring in the cup with a spoon",
    "11": "closing chocolate",
    "12": "taking honey",
    "13": "scooping coffee with a spoon",
    "14": "taking peanut",
    "15": "putting ketchup",
    "16": "closing mayonnaise",
    "17": "folding bread",
    "18": "opening ketchup",
    "19": "putting bread on cheese and bread",
    "20": "opening water",
    "21": "taking bread",
    "22": "closing honey",
    "23": "taking mustard",
    "24": "putting mustard",
    "25": "scooping peanut with a spoon",
    "26": "pouring water into the cup",
    "27": "scooping jam with a spoon",
    "28": "stirring in the cup",
    "29": "spreading jam on bread with a spoon",
    "30": "pouring coffee into the cup with a spoon",
    "31": "putting honey",
    "32": "opening peanut",
    "33": "taking sugar",
    "34": "opening mayonnaise",
    "35": "pouring mustard on hotdog and bread",
    "36": "taking mayonnaise",
    "37": "pouring honey on bread",
    "38": "putting water",
    "39": "taking coffee",
    "40": "pouring ketchup on hotdog and bread",
    "41": "pouring mayonnaise on cheese and bread",
    "42": "pouring chocolate on bread",
    "43": "putting cheese on bread",
    "44": "opening honey",
    "45": "closing sugar",
    "46": "putting hotdog on bread",
    "47": "pouring mustard on cheese and bread",
    "48": "opening jam",
    "49": "opening cheese",
    "50": "scooping sugar with a spoon",
    "51": "spreading peanut on bread with a spoon",
    "52": "taking spoon",
    "53": "putting bread on bread",
    "54": "taking cheese",
    "55": "putting sugar",
    "56": "opening sugar",
    "57": "opening coffee",
    "58": "opening mustard",
    "59": "putting jam",
    "60": "closing peanut",
    "61": "taking tea",
    "62": "closing mustard",
    "63": "closing water",
    "64": "putting coffee",
    "65": "taking cup",
    "66": "taking jam",
    "67": "shaking tea in the cup",
    "68": "closing coffee",
    "69": "pouring honey into the cup",
    "70": "taking ketchup",
    "71": "putting mayonnaise",
    "72": "taking chocolate",
    "73": "taking hotdog"
}