{
    "closing ketchup": 1,
    "closing jam": 2,
    "putting chocolate": 3,
    "opening chocolate": 4,
    "opening tea": 5,
    "putting tea": 6,
    "pouring sugar into the cup with a spoon": 7,
    "putting peanut": 8,
    "taking water": 9,
    "stirring in the cup with a spoon": 10,
    "closing chocolate": 11,
    "taking honey": 12,
    "scooping coffee with a spoon": 13,
    "taking peanut": 14,
    "putting ketchup": 15,
    "closing mayonnaise": 16,
    "folding bread": 17,
    "opening ketchup": 18,
    "putting bread on cheese and bread": 19,
    "opening water": 20,
    "taking bread": 21,
    "closing honey": 22,
    "taking mustard": 23,
    "putting mustard": 24,
    "scooping peanut with a spoon": 25,
    "pouring water into the cup": 26,
    "scooping jam with a spoon": 27,
    "stirring in the cup": 28,
    "spreading jam on bread with a spoon": 29,
    "pouring coffee into the cup with a spoon": 30,
    "putting honey": 31,
    "opening peanut": 32,
    "taking sugar": 33,
    "opening mayonnaise": 34,
    "pouring mustard on hotdog and bread": 35,
    "taking mayonnaise": 36,
    "pouring honey on bread": 37,
    "putting water": 38,
    "taking coffee": 39,
    "pouring ketchup on hotdog and bread": 40,
    "pouring mayonnaise on cheese and bread": 41,
    "pouring chocolate on bread": 42,
    "putting cheese on bread": 43,
    "opening honey": 44,
    "closing sugar": 45,
    "putting hotdog on bread": 46,
    "pouring mustard on cheese and bread": 47,
    "openign jam": 48,
    "opening cheese": 49,
    "scooping sugar with a spoon": 50,
    "spreading peanut on bread with a spoon": 51,
    "taking spoon": 52,
    "putting bread on bread": 53,
    "taking cheese": 54,
    "putting sugar": 55,
    "opening sugar": 56,
    "opening coffee": 57,
    "opening mustard": 58,
    "putting jam": 59,
    "closing peanut": 60,
    "taking tea": 61,
    "closing mustard": 62,
    "closing water": 63,
    "putting coffee": 64,
    "taking cup": 65,
    "taking jam": 66,
    "shaking tea in the cup": 67,
    "closing coffee": 68,
    "pouring honey into the cup": 69,
    "taking ketchup": 70,
    "putting mayonnaise": 71,
    "taking chocolate": 72,
    "taking hotdog": 73
}