{
    "<close><ketchup>": "closing ketchup",
    "<close><jam>": "closing jam",
    "<put><chocolate>": "putting chocolate",
    "<open><chocolate>": "opening chocolate",
    "<open><tea>": "opening tea",
    "<put><tea>": "putting tea",
    "<pour><sugar,spoon,cup>": "pouring sugar into the cup with a spoon",
    "<put><peanut>": "putting peanut",
    "<take><water>": "taking water",
    "<stir><spoon,cup>": "stirring in the cup with a spoon",
    "<close><chocolate>": "closing chocolate",
    "<take><honey>": "taking honey",
    "<scoop><coffee,spoon>": "scooping coffee with a spoon",
    "<take><peanut>": "taking peanut",
    "<put><ketchup>": "putting ketchup",
    "<close><mayonnaise>": "closing mayonnaise",
    "<fold><bread>": "folding bread",
    "<open><ketchup>": "opening ketchup",
    "<put><bread,cheese,bread>": "putting bread on cheese and bread",
    "<open><water>": "opening water",
    "<take><bread>": "taking bread",
    "<close><honey>": "closing honey",
    "<take><mustard>": "taking mustard",
    "<put><mustard>": "putting mustard",
    "<scoop><peanut,spoon>": "scooping peanut with a spoon",
    "<pour><water,cup>": "pouring water into the cup",
    "<scoop><jam,spoon>": "scooping jam with a spoon",
    "<stir><cup>": "stirring in the cup",
    "<spread><jam,spoon,bread>": "spreading jam on bread with a spoon",
    "<pour><coffee,spoon,cup>": "pouring coffee into the cup with a spoon",
    "<put><honey>": "putting honey",
    "<open><peanut>": "opening peanut",
    "<take><sugar>": "taking sugar",
    "<open><mayonnaise>": "opening mayonnaise",
    "<pour><mustard,hotdog,bread>": "pouring mustard on hotdog and bread",
    "<take><mayonnaise>": "taking mayonnaise",
    "<pour><honey,bread>": "pouring honey on bread",
    "<put><water>": "putting water",
    "<take><coffee>": "taking coffee",
    "<pour><ketchup,hotdog,bread>": "pouring ketchup on hotdog and bread",
    "<pour><mayonnaise,cheese,bread>": "pouring mayonnaise on cheese and bread",
    "<pour><chocolate,bread>": "pouring chocolate on bread",
    "<put><cheese,bread>": "putting cheese on bread",
    "<open><honey>": "opening honey",
    "<close><sugar>": "closing sugar",
    "<put><hotdog,bread>": "putting hotdog on bread",
    "<pour><mustard,cheese,bread>": "pouring mustard on cheese and bread",
    "<open><jam>": "openign jam",
    "<open><cheese>": "opening cheese",
    "<scoop><sugar,spoon>": "scooping sugar with a spoon",
    "<spread><peanut,spoon,bread>": "spreading peanut on bread with a spoon",
    "<take><spoon>": "taking spoon",
    "<put><bread,bread>": "putting bread on bread",
    "<take><cheese>": "taking cheese",
    "<put><sugar>": "putting sugar",
    "<open><sugar>": "opening sugar",
    "<open><coffee>": "opening coffee",
    "<open><mustard>": "opening mustard",
    "<put><jam>": "putting jam",
    "<close><peanut>": "closing peanut",
    "<take><tea>": "taking tea",
    "<close><mustard>": "closing mustard",
    "<close><water>": "closing water",
    "<put><coffee>": "putting coffee",
    "<take><cup>": "taking cup",
    "<take><jam>": "taking jam",
    "<shake><tea,cup>": "shaking tea in the cup",
    "<close><coffee>": "closing coffee",
    "<pour><honey,cup>": "pouring honey into the cup",
    "<take><ketchup>": "taking ketchup",
    "<put><mayonnaise>": "putting mayonnaise",
    "<take><chocolate>": "taking chocolate",
    "<take><hotdog>": "taking hotdog"
}