{
    "0": "SIL",
    "1": "pouring cereals",
    "2": "pouring milk",
    "3": "stirring cereals",
    "4": "taking bowl",
    "5": "pouring coffee",
    "6": "taking cup",
    "7": "spooning sugar",
    "8": "stirring coffee",
    "9": "pouring sugar",
    "10": "pouring oil",
    "11": "cracking egg",
    "12": "adding salt and pepper",
    "13": "frying egg",
    "14": "taking plate",
    "15": "putting egg to plate",
    "16": "taking eggs",
    "17": "buttering pan",
    "18": "taking knife",
    "19": "cutting orange",
    "20": "squeezing orange",
    "21": "pouring juice",
    "22": "taking glass",
    "23": "taking squeezer",
    "24": "spooning powder",
    "25": "stirring milk",
    "26": "spooning flour",
    "27": "stirring dough",
    "28": "pouring dough to pan",
    "29": "frying pancake",
    "30": "putting pancake to plate",
    "31": "pouring flour",
    "32": "cutting fruit",
    "33": "putting fruit to bowl",
    "34": "peeling fruit",
    "35": "stirring fruit",
    "36": "cutting bun",
    "37": "smearing butter",
    "38": "taking topping",
    "39": "putting topping on top",
    "40": "putting bun together",
    "41": "taking butter",
    "42": "stirring egg",
    "43": "pouring egg to pan",
    "44": "stirring fry egg",
    "45": "adding teabag",
    "46": "pouring water",
    "47": "stirring tea"
}