{
    "SIL": "0",
    "pour_cereals": "1",
    "pour_milk": "2",
    "stir_cereals": "3",
    "take_bowl": "4",
    "pour_coffee": "5",
    "take_cup": "6",
    "spoon_sugar": "7",
    "stir_coffee": "8",
    "pour_sugar": "9",
    "pour_oil": "10",
    "crack_egg": "11",
    "add_saltnpepper": "12",
    "fry_egg": "13",
    "take_plate": "14",
    "put_egg2plate": "15",
    "take_eggs": "16",
    "butter_pan": "17",
    "take_knife": "18",
    "cut_orange": "19",
    "squeeze_orange": "20",
    "pour_juice": "21",
    "take_glass": "22",
    "take_squeezer": "23",
    "spoon_powder": "24",
    "stir_milk": "25",
    "spoon_flour": "26",
    "stir_dough": "27",
    "pour_dough2pan": "28",
    "fry_pancake": "29",
    "put_pancake2plate": "30",
    "pour_flour": "31",
    "cut_fruit": "32",
    "put_fruit2bowl": "33",
    "peel_fruit": "34",
    "stir_fruit": "35",
    "cut_bun": "36",
    "smear_butter": "37",
    "take_topping": "38",
    "put_toppingOnTop": "39",
    "put_bunTogether": "40",
    "take_butter": "41",
    "stir_egg": "42",
    "pour_egg2pan": "43",
    "stirfry_egg": "44",
    "add_teabag": "45",
    "pour_water": "46",
    "stir_tea": "47"
}