{
    "0": "cutting tomato",
    "1": "placing tomato into bowl",
    "2": "cutting cheese",
    "3": "placing cheese into bowl",
    "4": "cutting lettuce",
    "5": "placing lettuce into bowl",
    "6": "adding salt",
    "7": "adding vinegar",
    "8": "adding oil",
    "9": "adding pepper",
    "10": "mixing dressing",
    "11": "peeling cucumber",
    "12": "cutting cucumber",
    "13": "placing cucumber into bowl",
    "14": "adding dressing",
    "15": "mixing ingredients",
    "16": "serving salad onto plate",
    "17": "starting making salad",
    "18": "finishing making salad"
}